finding_id,severity,category,title,timestamp,user,ip,country,file,rownum,sha256,details,evidence_json
RISKY-SIGNIN-6-20,high,risky_signin,Risky sign-in flagged by Entra risk fields,2025-12-11T12:09:00+00:00,alice@evilcorp.com,20.190.128.12,US,6,20,aabe600ebb72778e27c10db9eb38182af0c783eca2ab180cc1aab0293ba44e01,risk_level=medium risk_state=atRisk risk_detail=impossibleTravel app=Microsoft Teams client=POP3,"{""risk_level"": ""medium"", ""risk_state"": ""atRisk"", ""risk_detail"": ""impossibleTravel"", ""app"": ""Microsoft Teams"", ""client_app"": ""POP3""}"
LEGACY-AUTH-4-9,high,legacy_auth,Legacy authentication / risky client protocol,2025-12-11T15:19:00+00:00,cfo@evilcorp.com,185.199.110.42,DE,4,9,c5e254528c4b7628dc7983c6cf2e343b1714d323035fc507bbdbf655ed8bbc37,legacy_client='IMAP4' app='Exchange Online' success=True,"{""app"": ""Exchange Online"", ""client_app"": ""IMAP4"", ""status"": ""0"", ""result_type"": ""0""}"
RISKY-SIGNIN-3-14,high,risky_signin,Risky sign-in flagged by Entra risk fields,2025-12-11T21:25:00+00:00,bob@evilcorp.com,83.45.12.33,NL,3,14,b14e1791067bdf3689ae03736ce24a470dc38296355982f599d6e425161b8fe2,risk_level=medium risk_state=remediated risk_detail=tokenIssuerAnomaly app=Azure Portal client=IMAP4,"{""risk_level"": ""medium"", ""risk_state"": ""remediated"", ""risk_detail"": ""tokenIssuerAnomaly"", ""app"": ""Azure Portal"", ""client_app"": ""IMAP4""}"
RISKY-SIGNIN-4-7,high,risky_signin,Risky sign-in flagged by Entra risk fields,2025-12-12T00:03:00+00:00,cfo@evilcorp.com,104.26.12.88,US,4,7,c5e254528c4b7628dc7983c6cf2e343b1714d323035fc507bbdbf655ed8bbc37,risk_level=medium risk_state=confirmedSafe risk_detail=tokenIssuerAnomaly app=Azure Portal client=Exchange ActiveSync,"{""risk_level"": ""medium"", ""risk_state"": ""confirmedSafe"", ""risk_detail"": ""tokenIssuerAnomaly"", ""app"": ""Azure Portal"", ""client_app"": ""Exchange ActiveSync""}"
LEGACY-AUTH-6-11,high,legacy_auth,Legacy authentication / risky client protocol,2025-12-12T04:49:00+00:00,alice@evilcorp.com,83.45.12.34,US,6,11,aabe600ebb72778e27c10db9eb38182af0c783eca2ab180cc1aab0293ba44e01,legacy_client='IMAP4' app='SharePoint Online' success=True,"{""app"": ""SharePoint Online"", ""client_app"": ""IMAP4"", ""status"": ""0"", ""result_type"": ""0""}"
UAL-1-6,high,ual_suspicious_operation,Suspicious Unified Audit Log operation,2025-12-12T15:14:00+00:00,bob@evilcorp.com,2.139.88.10,,1,6,90f7140738706c1789cda1838aa74f1beb38846dff62c0927d70685656a39f5b,operation=Consent to application workload=AzureActiveDirectory record_type=8 dangerous_scopes=['mail.read'],"{""operation"": ""Consent to application"", ""workload"": ""AzureActiveDirectory"", ""record_type"": ""8"", ""object_id"": ""1f7b9fb3-0cc7-4a8f-8d79-6c02a57adb90"", ""forwarding"": false, ""inboxrule"": false, ""scopes"": [""mail.read""]}"
LEGACY-AUTH-7-6,high,legacy_auth,Legacy authentication / risky client protocol,2025-12-12T17:02:00+00:00,cfo@evilcorp.com,5.62.41.22,ES,7,6,5f284d6c8635995fb03552b8ff2ac01fcbf2df07230cb162684e82357a3ea6d3,legacy_client='Exchange ActiveSync' app='Azure Portal' success=True,"{""app"": ""Azure Portal"", ""client_app"": ""Exchange ActiveSync"", ""status"": ""0"", ""result_type"": ""0""}"
LEGACY-AUTH-3-3,high,legacy_auth,Legacy authentication / risky client protocol,2025-12-12T21:47:00+00:00,bob@evilcorp.com,5.62.41.22,FR,3,3,b14e1791067bdf3689ae03736ce24a470dc38296355982f599d6e425161b8fe2,legacy_client='Other clients' app='Graph Explorer' success=True,"{""app"": ""Graph Explorer"", ""client_app"": ""Other clients"", ""status"": ""0"", ""result_type"": ""0""}"
LEGACY-AUTH-6-6,high,legacy_auth,Legacy authentication / risky client protocol,2025-12-13T04:05:00+00:00,bob@evilcorp.com,20.190.128.12,US,6,6,aabe600ebb72778e27c10db9eb38182af0c783eca2ab180cc1aab0293ba44e01,legacy_client='Exchange ActiveSync' app='SharePoint Online' success=True,"{""app"": ""SharePoint Online"", ""client_app"": ""Exchange ActiveSync"", ""status"": ""0"", ""result_type"": ""0""}"
LEGACY-AUTH-6-2,high,legacy_auth,Legacy authentication / risky client protocol,2025-12-13T18:42:00+00:00,cfo@evilcorp.com,83.45.12.34,ES,6,2,aabe600ebb72778e27c10db9eb38182af0c783eca2ab180cc1aab0293ba44e01,legacy_client='Other clients' app='Microsoft 365 Admin Center' success=True,"{""app"": ""Microsoft 365 Admin Center"", ""client_app"": ""Other clients"", ""status"": ""0"", ""result_type"": ""0""}"
UAL-1-5,high,ual_suspicious_operation,Suspicious Unified Audit Log operation,2025-12-13T21:30:00+00:00,svc.backup@evilcorp.com,20.190.128.12,,1,5,90f7140738706c1789cda1838aa74f1beb38846dff62c0927d70685656a39f5b,"operation=Add service principal workload=AzureActiveDirectory record_type=8 dangerous_scopes=['files.read', 'sites.read.all']","{""operation"": ""Add service principal"", ""workload"": ""AzureActiveDirectory"", ""record_type"": ""8"", ""object_id"": ""8b81592b-5b34-4f31-8e56-fb36262b638a"", ""forwarding"": false, ""inboxrule"": false, ""scopes"": [""files.read"", ""sites.read.all""]}"
RISKY-SIGNIN-4-23,high,risky_signin,Risky sign-in flagged by Entra risk fields,2025-12-13T21:36:00+00:00,bob@evilcorp.com,83.45.12.34,NL,4,23,c5e254528c4b7628dc7983c6cf2e343b1714d323035fc507bbdbf655ed8bbc37,risk_level=medium risk_state=confirmedSafe risk_detail=passwordSpray app=Microsoft Teams client=Browser,"{""risk_level"": ""medium"", ""risk_state"": ""confirmedSafe"", ""risk_detail"": ""passwordSpray"", ""app"": ""Microsoft Teams"", ""client_app"": ""Browser""}"
RISKY-SIGNIN-3-7,high,risky_signin,Risky sign-in flagged by Entra risk fields,2025-12-14T14:07:00+00:00,cfo@evilcorp.com,5.62.41.22,FR,3,7,b14e1791067bdf3689ae03736ce24a470dc38296355982f599d6e425161b8fe2,risk_level=medium risk_state=atRisk risk_detail=passwordSpray app=SharePoint Online client=Browser,"{""risk_level"": ""medium"", ""risk_state"": ""atRisk"", ""risk_detail"": ""passwordSpray"", ""app"": ""SharePoint Online"", ""client_app"": ""Browser""}"
UAL-1-7,high,ual_suspicious_operation,Suspicious Unified Audit Log operation,2025-12-14T19:05:00+00:00,svc.backup@evilcorp.com,83.45.12.33,,1,7,90f7140738706c1789cda1838aa74f1beb38846dff62c0927d70685656a39f5b,operation=Consent to application workload=AzureActiveDirectory record_type=8 dangerous_scopes=['mail.read'],"{""operation"": ""Consent to application"", ""workload"": ""AzureActiveDirectory"", ""record_type"": ""8"", ""object_id"": ""b1661a86-1225-4fe4-ad07-605ce41e7aac"", ""forwarding"": false, ""inboxrule"": false, ""scopes"": [""mail.read""]}"
UAL-1-24,high,ual_suspicious_operation,Suspicious Unified Audit Log operation,2025-12-15T09:09:00+00:00,alice@evilcorp.com,83.45.12.34,,1,24,90f7140738706c1789cda1838aa74f1beb38846dff62c0927d70685656a39f5b,operation=Add-MailboxPermission workload=Exchange record_type=1,"{""operation"": ""Add-MailboxPermission"", ""workload"": ""Exchange"", ""record_type"": ""1"", ""object_id"": ""it.admin@evilcorp.com"", ""forwarding"": false, ""inboxrule"": false, ""scopes"": []}"
RISKY-SIGNIN-4-12,high,risky_signin,Risky sign-in flagged by Entra risk fields,2025-12-16T04:16:00+00:00,alice@evilcorp.com,20.190.128.12,DE,4,12,c5e254528c4b7628dc7983c6cf2e343b1714d323035fc507bbdbf655ed8bbc37,risk_level=medium risk_state=remediated risk_detail=anonymousIPAddress app=Microsoft 365 Admin Center client=Exchange ActiveSync,"{""risk_level"": ""medium"", ""risk_state"": ""remediated"", ""risk_detail"": ""anonymousIPAddress"", ""app"": ""Microsoft 365 Admin Center"", ""client_app"": ""Exchange ActiveSync""}"
LEGACY-AUTH-4-12,high,legacy_auth,Legacy authentication / risky client protocol,2025-12-16T04:16:00+00:00,alice@evilcorp.com,20.190.128.12,DE,4,12,c5e254528c4b7628dc7983c6cf2e343b1714d323035fc507bbdbf655ed8bbc37,legacy_client='Exchange ActiveSync' app='Microsoft 365 Admin Center' success=True,"{""app"": ""Microsoft 365 Admin Center"", ""client_app"": ""Exchange ActiveSync"", ""status"": ""0"", ""result_type"": ""0""}"
LEGACY-AUTH-4-16,high,legacy_auth,Legacy authentication / risky client protocol,2025-12-16T15:07:00+00:00,it.admin@evilcorp.com,5.62.41.22,US,4,16,c5e254528c4b7628dc7983c6cf2e343b1714d323035fc507bbdbf655ed8bbc37,legacy_client='Other clients' app='Microsoft 365 Admin Center' success=True,"{""app"": ""Microsoft 365 Admin Center"", ""client_app"": ""Other clients"", ""status"": ""0"", ""result_type"": ""0""}"
LEGACY-AUTH-4-3,high,legacy_auth,Legacy authentication / risky client protocol,2025-12-16T20:04:00+00:00,cfo@evilcorp.com,83.45.12.34,ES,4,3,c5e254528c4b7628dc7983c6cf2e343b1714d323035fc507bbdbf655ed8bbc37,legacy_client='Exchange ActiveSync' app='SharePoint Online' success=True,"{""app"": ""SharePoint Online"", ""client_app"": ""Exchange ActiveSync"", ""status"": ""0"", ""result_type"": ""0""}"
LEGACY-AUTH-4-2,high,legacy_auth,Legacy authentication / risky client protocol,2025-12-18T08:10:00+00:00,cfo@evilcorp.com,5.62.41.22,DE,4,2,c5e254528c4b7628dc7983c6cf2e343b1714d323035fc507bbdbf655ed8bbc37,legacy_client='Other clients' app='Azure Portal' success=True,"{""app"": ""Azure Portal"", ""client_app"": ""Other clients"", ""status"": ""0"", ""result_type"": ""0""}"
RISKY-SIGNIN-7-21,high,risky_signin,Risky sign-in flagged by Entra risk fields,2025-12-18T19:04:00+00:00,svc.backup@evilcorp.com,104.26.12.88,DE,7,21,5f284d6c8635995fb03552b8ff2ac01fcbf2df07230cb162684e82357a3ea6d3,risk_level=medium risk_state=remediated risk_detail=passwordSpray app=Azure Portal client=Browser,"{""risk_level"": ""medium"", ""risk_state"": ""remediated"", ""risk_detail"": ""passwordSpray"", ""app"": ""Azure Portal"", ""client_app"": ""Browser""}"
RISKY-SIGNIN-4-4,high,risky_signin,Risky sign-in flagged by Entra risk fields,2025-12-19T19:10:00+00:00,bob@evilcorp.com,20.190.128.12,US,4,4,c5e254528c4b7628dc7983c6cf2e343b1714d323035fc507bbdbf655ed8bbc37,risk_level=medium risk_state=confirmedSafe risk_detail=passwordSpray app=Azure Portal client=IMAP4,"{""risk_level"": ""medium"", ""risk_state"": ""confirmedSafe"", ""risk_detail"": ""passwordSpray"", ""app"": ""Azure Portal"", ""client_app"": ""IMAP4""}"
LEGACY-AUTH-3-24,high,legacy_auth,Legacy authentication / risky client protocol,2025-12-20T10:32:00+00:00,cfo@evilcorp.com,185.199.110.42,US,3,24,b14e1791067bdf3689ae03736ce24a470dc38296355982f599d6e425161b8fe2,legacy_client='Other clients' app='SharePoint Online' success=True,"{""app"": ""SharePoint Online"", ""client_app"": ""Other clients"", ""status"": ""0"", ""result_type"": ""0""}"
LEGACY-AUTH-4-29,high,legacy_auth,Legacy authentication / risky client protocol,2025-12-20T15:55:00+00:00,cfo@evilcorp.com,83.45.12.33,ES,4,29,c5e254528c4b7628dc7983c6cf2e343b1714d323035fc507bbdbf655ed8bbc37,legacy_client='Other clients' app='Azure Portal' success=True,"{""app"": ""Azure Portal"", ""client_app"": ""Other clients"", ""status"": ""0"", ""result_type"": ""0""}"
RISKY-SIGNIN-3-27,high,risky_signin,Risky sign-in flagged by Entra risk fields,2025-12-20T17:18:00+00:00,it.admin@evilcorp.com,2.139.88.10,ES,3,27,b14e1791067bdf3689ae03736ce24a470dc38296355982f599d6e425161b8fe2,risk_level=medium risk_state=remediated risk_detail=passwordSpray app=Azure Portal client=IMAP4,"{""risk_level"": ""medium"", ""risk_state"": ""remediated"", ""risk_detail"": ""passwordSpray"", ""app"": ""Azure Portal"", ""client_app"": ""IMAP4""}"
LEGACY-AUTH-3-27,high,legacy_auth,Legacy authentication / risky client protocol,2025-12-20T17:18:00+00:00,it.admin@evilcorp.com,2.139.88.10,ES,3,27,b14e1791067bdf3689ae03736ce24a470dc38296355982f599d6e425161b8fe2,legacy_client='IMAP4' app='Azure Portal' success=True,"{""app"": ""Azure Portal"", ""client_app"": ""IMAP4"", ""status"": ""0"", ""result_type"": ""0""}"
LEGACY-AUTH-7-7,high,legacy_auth,Legacy authentication / risky client protocol,2025-12-21T00:41:00+00:00,cfo@evilcorp.com,185.199.110.42,DE,7,7,5f284d6c8635995fb03552b8ff2ac01fcbf2df07230cb162684e82357a3ea6d3,legacy_client='Other clients' app='Microsoft 365 Admin Center' success=True,"{""app"": ""Microsoft 365 Admin Center"", ""client_app"": ""Other clients"", ""status"": ""0"", ""result_type"": ""0""}"
RISKY-SIGNIN-3-13,high,risky_signin,Risky sign-in flagged by Entra risk fields,2025-12-21T11:21:00+00:00,bob@evilcorp.com,83.45.12.34,FR,3,13,b14e1791067bdf3689ae03736ce24a470dc38296355982f599d6e425161b8fe2,risk_level=high risk_state=remediated risk_detail=passwordSpray app=Exchange Online client=Other clients,"{""risk_level"": ""high"", ""risk_state"": ""remediated"", ""risk_detail"": ""passwordSpray"", ""app"": ""Exchange Online"", ""client_app"": ""Other clients""}"
RISKY-SIGNIN-6-13,high,risky_signin,Risky sign-in flagged by Entra risk fields,2025-12-21T18:14:00+00:00,it.admin@evilcorp.com,104.26.12.88,US,6,13,aabe600ebb72778e27c10db9eb38182af0c783eca2ab180cc1aab0293ba44e01,risk_level=medium risk_state=remediated risk_detail=tokenIssuerAnomaly app=Graph Explorer client=Exchange ActiveSync,"{""risk_level"": ""medium"", ""risk_state"": ""remediated"", ""risk_detail"": ""tokenIssuerAnomaly"", ""app"": ""Graph Explorer"", ""client_app"": ""Exchange ActiveSync""}"
UAL-1-11,high,ual_suspicious_operation,Suspicious Unified Audit Log operation,2025-12-21T23:32:00+00:00,alice@evilcorp.com,83.45.12.33,,1,11,90f7140738706c1789cda1838aa74f1beb38846dff62c0927d70685656a39f5b,operation=Set-Mailbox workload=Exchange record_type=1 forwarding_indicator=true,"{""operation"": ""Set-Mailbox"", ""workload"": ""Exchange"", ""record_type"": ""1"", ""object_id"": ""alice@evilcorp.com"", ""forwarding"": true, ""inboxrule"": false, ""scopes"": []}"
UAL-1-3,high,ual_suspicious_operation,Suspicious Unified Audit Log operation,2025-12-22T03:59:00+00:00,bob@evilcorp.com,185.199.110.42,,1,3,90f7140738706c1789cda1838aa74f1beb38846dff62c0927d70685656a39f5b,operation=Set-Mailbox workload=Exchange record_type=1 forwarding_indicator=true,"{""operation"": ""Set-Mailbox"", ""workload"": ""Exchange"", ""record_type"": ""1"", ""object_id"": ""bob@evilcorp.com"", ""forwarding"": true, ""inboxrule"": false, ""scopes"": []}"
LEGACY-AUTH-7-16,high,legacy_auth,Legacy authentication / risky client protocol,2025-12-23T07:31:00+00:00,it.admin@evilcorp.com,83.45.12.34,ES,7,16,5f284d6c8635995fb03552b8ff2ac01fcbf2df07230cb162684e82357a3ea6d3,legacy_client='POP3' app='Graph Explorer' success=True,"{""app"": ""Graph Explorer"", ""client_app"": ""POP3"", ""status"": ""0"", ""result_type"": ""0""}"
RISKY-SIGNIN-7-15,high,risky_signin,Risky sign-in flagged by Entra risk fields,2025-12-23T11:39:00+00:00,svc.backup@evilcorp.com,104.26.12.88,ES,7,15,5f284d6c8635995fb03552b8ff2ac01fcbf2df07230cb162684e82357a3ea6d3,risk_level=medium risk_state=remediated risk_detail=unfamiliarFeatures app=Azure Portal client=Mobile Apps and Desktop clients,"{""risk_level"": ""medium"", ""risk_state"": ""remediated"", ""risk_detail"": ""unfamiliarFeatures"", ""app"": ""Azure Portal"", ""client_app"": ""Mobile Apps and Desktop clients""}"
LEGACY-AUTH-3-9,high,legacy_auth,Legacy authentication / risky client protocol,2025-12-23T15:16:00+00:00,svc.backup@evilcorp.com,185.199.110.42,FR,3,9,b14e1791067bdf3689ae03736ce24a470dc38296355982f599d6e425161b8fe2,legacy_client='Exchange ActiveSync' app='Azure Portal' success=True,"{""app"": ""Azure Portal"", ""client_app"": ""Exchange ActiveSync"", ""status"": ""0"", ""result_type"": ""0""}"
LEGACY-AUTH-6-8,high,legacy_auth,Legacy authentication / risky client protocol,2025-12-24T03:17:00+00:00,it.admin@evilcorp.com,83.45.12.34,NL,6,8,aabe600ebb72778e27c10db9eb38182af0c783eca2ab180cc1aab0293ba44e01,legacy_client='POP3' app='Microsoft Teams' success=True,"{""app"": ""Microsoft Teams"", ""client_app"": ""POP3"", ""status"": ""0"", ""result_type"": ""0""}"
LEGACY-AUTH-6-12,high,legacy_auth,Legacy authentication / risky client protocol,2025-12-24T03:36:00+00:00,svc.backup@evilcorp.com,2.139.88.10,ES,6,12,aabe600ebb72778e27c10db9eb38182af0c783eca2ab180cc1aab0293ba44e01,legacy_client='Exchange ActiveSync' app='Graph Explorer' success=True,"{""app"": ""Graph Explorer"", ""client_app"": ""Exchange ActiveSync"", ""status"": ""0"", ""result_type"": ""0""}"
LEGACY-AUTH-6-1,high,legacy_auth,Legacy authentication / risky client protocol,2025-12-24T03:59:00+00:00,svc.backup@evilcorp.com,83.45.12.34,ES,6,1,aabe600ebb72778e27c10db9eb38182af0c783eca2ab180cc1aab0293ba44e01,legacy_client='Other clients' app='Exchange Online' success=True,"{""app"": ""Exchange Online"", ""client_app"": ""Other clients"", ""status"": ""0"", ""result_type"": ""0""}"
UAL-1-23,high,ual_suspicious_operation,Suspicious Unified Audit Log operation,2025-12-24T04:18:00+00:00,it.admin@evilcorp.com,83.45.12.33,,1,23,90f7140738706c1789cda1838aa74f1beb38846dff62c0927d70685656a39f5b,"operation=Consent to application workload=AzureActiveDirectory record_type=8 dangerous_scopes=['files.read', 'sites.read.all']","{""operation"": ""Consent to application"", ""workload"": ""AzureActiveDirectory"", ""record_type"": ""8"", ""object_id"": ""d0bd172f-1a06-4313-a852-7a22a5a24654"", ""forwarding"": false, ""inboxrule"": false, ""scopes"": [""files.read"", ""sites.read.all""]}"
LEGACY-AUTH-6-15,high,legacy_auth,Legacy authentication / risky client protocol,2025-12-24T06:24:00+00:00,alice@evilcorp.com,185.199.110.42,US,6,15,aabe600ebb72778e27c10db9eb38182af0c783eca2ab180cc1aab0293ba44e01,legacy_client='IMAP4' app='Exchange Online' success=True,"{""app"": ""Exchange Online"", ""client_app"": ""IMAP4"", ""status"": ""0"", ""result_type"": ""0""}"
RISKY-SIGNIN-6-17,high,risky_signin,Risky sign-in flagged by Entra risk fields,2025-12-24T21:00:00+00:00,bob@evilcorp.com,2.139.88.10,FR,6,17,aabe600ebb72778e27c10db9eb38182af0c783eca2ab180cc1aab0293ba44e01,risk_level=medium risk_state=atRisk risk_detail=anonymousIPAddress app=Exchange Online client=Other clients,"{""risk_level"": ""medium"", ""risk_state"": ""atRisk"", ""risk_detail"": ""anonymousIPAddress"", ""app"": ""Exchange Online"", ""client_app"": ""Other clients""}"
LEGACY-AUTH-7-27,high,legacy_auth,Legacy authentication / risky client protocol,2025-12-25T07:03:00+00:00,alice@evilcorp.com,5.62.41.22,US,7,27,5f284d6c8635995fb03552b8ff2ac01fcbf2df07230cb162684e82357a3ea6d3,legacy_client='IMAP4' app='Azure Portal' success=True,"{""app"": ""Azure Portal"", ""client_app"": ""IMAP4"", ""status"": ""0"", ""result_type"": ""0""}"
UAL-1-37,high,ual_suspicious_operation,Suspicious Unified Audit Log operation,2025-12-25T08:11:00+00:00,bob@evilcorp.com,83.45.12.34,,1,37,90f7140738706c1789cda1838aa74f1beb38846dff62c0927d70685656a39f5b,operation=Add-MailboxPermission workload=Exchange record_type=1,"{""operation"": ""Add-MailboxPermission"", ""workload"": ""Exchange"", ""record_type"": ""1"", ""object_id"": ""it.admin@evilcorp.com"", ""forwarding"": false, ""inboxrule"": false, ""scopes"": []}"
UAL-1-25,high,ual_suspicious_operation,Suspicious Unified Audit Log operation,2025-12-26T00:47:00+00:00,bob@evilcorp.com,83.45.12.33,,1,25,90f7140738706c1789cda1838aa74f1beb38846dff62c0927d70685656a39f5b,operation=New-InboxRule workload=Exchange record_type=1 forwarding_indicator=true inbox_rule_indicator=true,"{""operation"": ""New-InboxRule"", ""workload"": ""Exchange"", ""record_type"": ""1"", ""object_id"": ""bob@evilcorp.com"", ""forwarding"": true, ""inboxrule"": true, ""scopes"": []}"
RISKY-SIGNIN-3-6,high,risky_signin,Risky sign-in flagged by Entra risk fields,2025-12-26T03:16:00+00:00,svc.backup@evilcorp.com,5.62.41.22,FR,3,6,b14e1791067bdf3689ae03736ce24a470dc38296355982f599d6e425161b8fe2,risk_level=medium risk_state=atRisk risk_detail=tokenIssuerAnomaly app=Microsoft Teams client=Mobile Apps and Desktop clients,"{""risk_level"": ""medium"", ""risk_state"": ""atRisk"", ""risk_detail"": ""tokenIssuerAnomaly"", ""app"": ""Microsoft Teams"", ""client_app"": ""Mobile Apps and Desktop clients""}"
UAL-1-28,high,ual_suspicious_operation,Suspicious Unified Audit Log operation,2025-12-28T02:12:00+00:00,cfo@evilcorp.com,104.26.12.88,,1,28,90f7140738706c1789cda1838aa74f1beb38846dff62c0927d70685656a39f5b,operation=Add-MailboxPermission workload=Exchange record_type=1,"{""operation"": ""Add-MailboxPermission"", ""workload"": ""Exchange"", ""record_type"": ""1"", ""object_id"": ""alice@evilcorp.com"", ""forwarding"": false, ""inboxrule"": false, ""scopes"": []}"
LEGACY-AUTH-4-14,high,legacy_auth,Legacy authentication / risky client protocol,2025-12-28T21:32:00+00:00,bob@evilcorp.com,185.199.110.42,ES,4,14,c5e254528c4b7628dc7983c6cf2e343b1714d323035fc507bbdbf655ed8bbc37,legacy_client='Other clients' app='Microsoft Teams' success=True,"{""app"": ""Microsoft Teams"", ""client_app"": ""Other clients"", ""status"": ""0"", ""result_type"": ""0""}"
LEGACY-AUTH-7-20,high,legacy_auth,Legacy authentication / risky client protocol,2025-12-28T21:51:00+00:00,alice@evilcorp.com,2.139.88.10,NL,7,20,5f284d6c8635995fb03552b8ff2ac01fcbf2df07230cb162684e82357a3ea6d3,legacy_client='Exchange ActiveSync' app='Microsoft Teams' success=True,"{""app"": ""Microsoft Teams"", ""client_app"": ""Exchange ActiveSync"", ""status"": ""0"", ""result_type"": ""0""}"
RISKY-SIGNIN-3-23,high,risky_signin,Risky sign-in flagged by Entra risk fields,2025-12-29T02:40:00+00:00,cfo@evilcorp.com,20.190.128.12,FR,3,23,b14e1791067bdf3689ae03736ce24a470dc38296355982f599d6e425161b8fe2,risk_level=high risk_state=atRisk risk_detail=passwordSpray app=Exchange Online client=Exchange ActiveSync,"{""risk_level"": ""high"", ""risk_state"": ""atRisk"", ""risk_detail"": ""passwordSpray"", ""app"": ""Exchange Online"", ""client_app"": ""Exchange ActiveSync""}"
LEGACY-AUTH-3-20,high,legacy_auth,Legacy authentication / risky client protocol,2025-12-29T13:12:00+00:00,it.admin@evilcorp.com,185.199.110.42,ES,3,20,b14e1791067bdf3689ae03736ce24a470dc38296355982f599d6e425161b8fe2,legacy_client='IMAP4' app='Microsoft 365 Admin Center' success=True,"{""app"": ""Microsoft 365 Admin Center"", ""client_app"": ""IMAP4"", ""status"": ""0"", ""result_type"": ""0""}"
UAL-1-29,high,ual_suspicious_operation,Suspicious Unified Audit Log operation,2025-12-30T00:35:00+00:00,svc.backup@evilcorp.com,83.45.12.33,,1,29,90f7140738706c1789cda1838aa74f1beb38846dff62c0927d70685656a39f5b,operation=Add service principal workload=AzureActiveDirectory record_type=8,"{""operation"": ""Add service principal"", ""workload"": ""AzureActiveDirectory"", ""record_type"": ""8"", ""object_id"": ""1e52376a-0393-44d4-b5da-de95eecc494b"", ""forwarding"": false, ""inboxrule"": false, ""scopes"": []}"
LEGACY-AUTH-3-25,high,legacy_auth,Legacy authentication / risky client protocol,2025-12-30T14:11:00+00:00,it.admin@evilcorp.com,2.139.88.10,US,3,25,b14e1791067bdf3689ae03736ce24a470dc38296355982f599d6e425161b8fe2,legacy_client='Other clients' app='Exchange Online' success=True,"{""app"": ""Exchange Online"", ""client_app"": ""Other clients"", ""status"": ""0"", ""result_type"": ""0""}"
LEGACY-AUTH-6-9,high,legacy_auth,Legacy authentication / risky client protocol,2025-12-31T15:18:00+00:00,cfo@evilcorp.com,104.26.12.88,DE,6,9,aabe600ebb72778e27c10db9eb38182af0c783eca2ab180cc1aab0293ba44e01,legacy_client='IMAP4' app='Microsoft Teams' success=True,"{""app"": ""Microsoft Teams"", ""client_app"": ""IMAP4"", ""status"": ""0"", ""result_type"": ""0""}"
RISKY-SIGNIN-3-5,high,risky_signin,Risky sign-in flagged by Entra risk fields,2026-01-01T18:23:00+00:00,svc.backup@evilcorp.com,5.62.41.22,FR,3,5,b14e1791067bdf3689ae03736ce24a470dc38296355982f599d6e425161b8fe2,risk_level=high risk_state=atRisk risk_detail=tokenIssuerAnomaly app=Azure Portal client=Mobile Apps and Desktop clients,"{""risk_level"": ""high"", ""risk_state"": ""atRisk"", ""risk_detail"": ""tokenIssuerAnomaly"", ""app"": ""Azure Portal"", ""client_app"": ""Mobile Apps and Desktop clients""}"
LEGACY-AUTH-7-13,high,legacy_auth,Legacy authentication / risky client protocol,2026-01-02T03:48:00+00:00,bob@evilcorp.com,83.45.12.34,NL,7,13,5f284d6c8635995fb03552b8ff2ac01fcbf2df07230cb162684e82357a3ea6d3,legacy_client='Exchange ActiveSync' app='Graph Explorer' success=True,"{""app"": ""Graph Explorer"", ""client_app"": ""Exchange ActiveSync"", ""status"": ""0"", ""result_type"": ""0""}"
LEGACY-AUTH-3-17,high,legacy_auth,Legacy authentication / risky client protocol,2026-01-03T00:56:00+00:00,it.admin@evilcorp.com,185.199.110.42,ES,3,17,b14e1791067bdf3689ae03736ce24a470dc38296355982f599d6e425161b8fe2,legacy_client='POP3' app='Microsoft 365 Admin Center' success=True,"{""app"": ""Microsoft 365 Admin Center"", ""client_app"": ""POP3"", ""status"": ""0"", ""result_type"": ""0""}"
RISKY-SIGNIN-3-16,high,risky_signin,Risky sign-in flagged by Entra risk fields,2026-01-03T15:01:00+00:00,bob@evilcorp.com,83.45.12.33,ES,3,16,b14e1791067bdf3689ae03736ce24a470dc38296355982f599d6e425161b8fe2,risk_level=high risk_state=atRisk risk_detail=impossibleTravel app=SharePoint Online client=IMAP4,"{""risk_level"": ""high"", ""risk_state"": ""atRisk"", ""risk_detail"": ""impossibleTravel"", ""app"": ""SharePoint Online"", ""client_app"": ""IMAP4""}"
LEGACY-AUTH-3-18,high,legacy_auth,Legacy authentication / risky client protocol,2026-01-04T03:10:00+00:00,alice@evilcorp.com,185.199.110.42,ES,3,18,b14e1791067bdf3689ae03736ce24a470dc38296355982f599d6e425161b8fe2,legacy_client='POP3' app='Exchange Online' success=True,"{""app"": ""Exchange Online"", ""client_app"": ""POP3"", ""status"": ""0"", ""result_type"": ""0""}"
UAL-1-18,high,ual_suspicious_operation,Suspicious Unified Audit Log operation,2026-01-04T07:24:00+00:00,alice@evilcorp.com,5.62.41.22,,1,18,90f7140738706c1789cda1838aa74f1beb38846dff62c0927d70685656a39f5b,operation=Set-Mailbox workload=Exchange record_type=1 forwarding_indicator=true,"{""operation"": ""Set-Mailbox"", ""workload"": ""Exchange"", ""record_type"": ""1"", ""object_id"": ""alice@evilcorp.com"", ""forwarding"": true, ""inboxrule"": false, ""scopes"": []}"
UAL-1-31,high,ual_suspicious_operation,Suspicious Unified Audit Log operation,2026-01-04T17:58:00+00:00,alice@evilcorp.com,2.139.88.10,,1,31,90f7140738706c1789cda1838aa74f1beb38846dff62c0927d70685656a39f5b,operation=Add-MailboxPermission workload=Exchange record_type=1,"{""operation"": ""Add-MailboxPermission"", ""workload"": ""Exchange"", ""record_type"": ""1"", ""object_id"": ""svc.backup@evilcorp.com"", ""forwarding"": false, ""inboxrule"": false, ""scopes"": []}"
LEGACY-AUTH-6-20,medium,legacy_auth,Legacy authentication / risky client protocol,2025-12-11T12:09:00+00:00,alice@evilcorp.com,20.190.128.12,US,6,20,aabe600ebb72778e27c10db9eb38182af0c783eca2ab180cc1aab0293ba44e01,legacy_client='POP3' app='Microsoft Teams' success=False error_code=50058 reason=Account is locked.,"{""app"": ""Microsoft Teams"", ""client_app"": ""POP3"", ""status"": ""50058"", ""result_type"": ""50058""}"
LEGACY-AUTH-6-19,medium,legacy_auth,Legacy authentication / risky client protocol,2025-12-11T18:24:00+00:00,cfo@evilcorp.com,185.199.110.42,ES,6,19,aabe600ebb72778e27c10db9eb38182af0c783eca2ab180cc1aab0293ba44e01,legacy_client='Exchange ActiveSync' app='Exchange Online' success=False error_code=50074 reason=Account is locked.,"{""app"": ""Exchange Online"", ""client_app"": ""Exchange ActiveSync"", ""status"": ""50074"", ""result_type"": ""50074""}"
LEGACY-AUTH-3-14,medium,legacy_auth,Legacy authentication / risky client protocol,2025-12-11T21:25:00+00:00,bob@evilcorp.com,83.45.12.33,NL,3,14,b14e1791067bdf3689ae03736ce24a470dc38296355982f599d6e425161b8fe2,legacy_client='IMAP4' app='Azure Portal' success=False error_code=50074 reason=Token issuer anomaly detected.,"{""app"": ""Azure Portal"", ""client_app"": ""IMAP4"", ""status"": ""50074"", ""result_type"": ""50074""}"
LEGACY-AUTH-4-7,medium,legacy_auth,Legacy authentication / risky client protocol,2025-12-12T00:03:00+00:00,cfo@evilcorp.com,104.26.12.88,US,4,7,c5e254528c4b7628dc7983c6cf2e343b1714d323035fc507bbdbf655ed8bbc37,legacy_client='Exchange ActiveSync' app='Azure Portal' success=False error_code=50053 reason=Token issuer anomaly detected.,"{""app"": ""Azure Portal"", ""client_app"": ""Exchange ActiveSync"", ""status"": ""50053"", ""result_type"": ""50053""}"
LEGACY-AUTH-6-4,medium,legacy_auth,Legacy authentication / risky client protocol,2025-12-12T02:32:00+00:00,svc.backup@evilcorp.com,5.62.41.22,NL,6,4,aabe600ebb72778e27c10db9eb38182af0c783eca2ab180cc1aab0293ba44e01,legacy_client='Other clients' app='Microsoft Teams' success=False error_code=50074 reason=Token issuer anomaly detected.,"{""app"": ""Microsoft Teams"", ""client_app"": ""Other clients"", ""status"": ""50074"", ""result_type"": ""50074""}"
LEGACY-AUTH-4-18,medium,legacy_auth,Legacy authentication / risky client protocol,2025-12-12T19:32:00+00:00,it.admin@evilcorp.com,5.62.41.22,ES,4,18,c5e254528c4b7628dc7983c6cf2e343b1714d323035fc507bbdbf655ed8bbc37,legacy_client='IMAP4' app='Graph Explorer' success=False error_code=50074 reason=Token issuer anomaly detected.,"{""app"": ""Graph Explorer"", ""client_app"": ""IMAP4"", ""status"": ""50074"", ""result_type"": ""50074""}"
RISKY-SIGNIN-3-12,medium,risky_signin,Risky sign-in flagged by Entra risk fields,2025-12-12T21:41:00+00:00,alice@evilcorp.com,83.45.12.34,FR,3,12,b14e1791067bdf3689ae03736ce24a470dc38296355982f599d6e425161b8fe2,risk_level=low risk_state=confirmedSafe risk_detail=passwordSpray app=Microsoft Teams client=Mobile Apps and Desktop clients,"{""risk_level"": ""low"", ""risk_state"": ""confirmedSafe"", ""risk_detail"": ""passwordSpray"", ""app"": ""Microsoft Teams"", ""client_app"": ""Mobile Apps and Desktop clients""}"
RISKY-SIGNIN-3-30,medium,risky_signin,Risky sign-in flagged by Entra risk fields,2025-12-14T09:52:00+00:00,alice@evilcorp.com,185.199.110.42,US,3,30,b14e1791067bdf3689ae03736ce24a470dc38296355982f599d6e425161b8fe2,risk_level=low risk_state=atRisk risk_detail=anonymousIPAddress app=SharePoint Online client=POP3,"{""risk_level"": ""low"", ""risk_state"": ""atRisk"", ""risk_detail"": ""anonymousIPAddress"", ""app"": ""SharePoint Online"", ""client_app"": ""POP3""}"
LEGACY-AUTH-3-30,medium,legacy_auth,Legacy authentication / risky client protocol,2025-12-14T09:52:00+00:00,alice@evilcorp.com,185.199.110.42,US,3,30,b14e1791067bdf3689ae03736ce24a470dc38296355982f599d6e425161b8fe2,legacy_client='POP3' app='SharePoint Online' success=False error_code=50058 reason=User did not complete MFA.,"{""app"": ""SharePoint Online"", ""client_app"": ""POP3"", ""status"": ""50058"", ""result_type"": ""50058""}"
LEGACY-AUTH-6-27,medium,legacy_auth,Legacy authentication / risky client protocol,2025-12-14T12:11:00+00:00,alice@evilcorp.com,2.139.88.10,FR,6,27,aabe600ebb72778e27c10db9eb38182af0c783eca2ab180cc1aab0293ba44e01,legacy_client='Other clients' app='Azure Portal' success=False error_code=50074 reason=MFA required.,"{""app"": ""Azure Portal"", ""client_app"": ""Other clients"", ""status"": ""50074"", ""result_type"": ""50074""}"
RISKY-SIGNIN-4-21,medium,risky_signin,Risky sign-in flagged by Entra risk fields,2025-12-14T15:31:00+00:00,it.admin@evilcorp.com,83.45.12.33,FR,4,21,c5e254528c4b7628dc7983c6cf2e343b1714d323035fc507bbdbf655ed8bbc37,risk_level=low risk_state=confirmedSafe risk_detail=passwordSpray app=Microsoft Teams client=Browser,"{""risk_level"": ""low"", ""risk_state"": ""confirmedSafe"", ""risk_detail"": ""passwordSpray"", ""app"": ""Microsoft Teams"", ""client_app"": ""Browser""}"
RISKY-SIGNIN-3-11,medium,risky_signin,Risky sign-in flagged by Entra risk fields,2025-12-15T04:02:00+00:00,svc.backup@evilcorp.com,83.45.12.34,FR,3,11,b14e1791067bdf3689ae03736ce24a470dc38296355982f599d6e425161b8fe2,risk_level=low risk_state=confirmedSafe risk_detail=anonymousIPAddress app=Graph Explorer client=Browser,"{""risk_level"": ""low"", ""risk_state"": ""confirmedSafe"", ""risk_detail"": ""anonymousIPAddress"", ""app"": ""Graph Explorer"", ""client_app"": ""Browser""}"
LEGACY-AUTH-6-28,medium,legacy_auth,Legacy authentication / risky client protocol,2025-12-15T10:42:00+00:00,bob@evilcorp.com,5.62.41.22,NL,6,28,aabe600ebb72778e27c10db9eb38182af0c783eca2ab180cc1aab0293ba44e01,legacy_client='Exchange ActiveSync' app='Exchange Online' success=False error_code=50053 reason=Account is locked.,"{""app"": ""Exchange Online"", ""client_app"": ""Exchange ActiveSync"", ""status"": ""50053"", ""result_type"": ""50053""}"
LEGACY-AUTH-3-4,medium,legacy_auth,Legacy authentication / risky client protocol,2025-12-16T09:52:00+00:00,alice@evilcorp.com,104.26.12.88,DE,3,4,b14e1791067bdf3689ae03736ce24a470dc38296355982f599d6e425161b8fe2,legacy_client='Exchange ActiveSync' app='SharePoint Online' success=False error_code=50053 reason=User did not complete MFA.,"{""app"": ""SharePoint Online"", ""client_app"": ""Exchange ActiveSync"", ""status"": ""50053"", ""result_type"": ""50053""}"
UAL-1-35,medium,ual_suspicious_operation,Suspicious Unified Audit Log operation,2025-12-17T12:47:00+00:00,alice@evilcorp.com,185.199.110.42,,1,35,90f7140738706c1789cda1838aa74f1beb38846dff62c0927d70685656a39f5b,operation=Add member to role workload=AzureActiveDirectory record_type=8,"{""operation"": ""Add member to role"", ""workload"": ""AzureActiveDirectory"", ""record_type"": ""8"", ""object_id"": """", ""forwarding"": false, ""inboxrule"": false, ""scopes"": []}"
RISKY-SIGNIN-7-11,medium,risky_signin,Risky sign-in flagged by Entra risk fields,2025-12-18T09:30:00+00:00,it.admin@evilcorp.com,5.62.41.22,FR,7,11,5f284d6c8635995fb03552b8ff2ac01fcbf2df07230cb162684e82357a3ea6d3,risk_level=low risk_state=remediated risk_detail=passwordSpray app=Microsoft 365 Admin Center client=Exchange ActiveSync,"{""risk_level"": ""low"", ""risk_state"": ""remediated"", ""risk_detail"": ""passwordSpray"", ""app"": ""Microsoft 365 Admin Center"", ""client_app"": ""Exchange ActiveSync""}"
LEGACY-AUTH-7-11,medium,legacy_auth,Legacy authentication / risky client protocol,2025-12-18T09:30:00+00:00,it.admin@evilcorp.com,5.62.41.22,FR,7,11,5f284d6c8635995fb03552b8ff2ac01fcbf2df07230cb162684e82357a3ea6d3,legacy_client='Exchange ActiveSync' app='Microsoft 365 Admin Center' success=False error_code=50058 reason=Invalid username or password.,"{""app"": ""Microsoft 365 Admin Center"", ""client_app"": ""Exchange ActiveSync"", ""status"": ""50058"", ""result_type"": ""50058""}"
RISKY-SIGNIN-7-26,medium,risky_signin,Risky sign-in flagged by Entra risk fields,2025-12-18T18:26:00+00:00,bob@evilcorp.com,20.190.128.12,ES,7,26,5f284d6c8635995fb03552b8ff2ac01fcbf2df07230cb162684e82357a3ea6d3,risk_level=low risk_state=remediated risk_detail=tokenIssuerAnomaly app=SharePoint Online client=Exchange ActiveSync,"{""risk_level"": ""low"", ""risk_state"": ""remediated"", ""risk_detail"": ""tokenIssuerAnomaly"", ""app"": ""SharePoint Online"", ""client_app"": ""Exchange ActiveSync""}"
LEGACY-AUTH-7-26,medium,legacy_auth,Legacy authentication / risky client protocol,2025-12-18T18:26:00+00:00,bob@evilcorp.com,20.190.128.12,ES,7,26,5f284d6c8635995fb03552b8ff2ac01fcbf2df07230cb162684e82357a3ea6d3,legacy_client='Exchange ActiveSync' app='SharePoint Online' success=False error_code=50058 reason=Token issuer anomaly detected.,"{""app"": ""SharePoint Online"", ""client_app"": ""Exchange ActiveSync"", ""status"": ""50058"", ""result_type"": ""50058""}"
LEGACY-AUTH-4-10,medium,legacy_auth,Legacy authentication / risky client protocol,2025-12-19T04:43:00+00:00,svc.backup@evilcorp.com,5.62.41.22,FR,4,10,c5e254528c4b7628dc7983c6cf2e343b1714d323035fc507bbdbf655ed8bbc37,legacy_client='Exchange ActiveSync' app='Graph Explorer' success=False error_code=50058 reason=Invalid username or password.,"{""app"": ""Graph Explorer"", ""client_app"": ""Exchange ActiveSync"", ""status"": ""50058"", ""result_type"": ""50058""}"
LEGACY-AUTH-6-21,medium,legacy_auth,Legacy authentication / risky client protocol,2025-12-19T06:30:00+00:00,alice@evilcorp.com,20.190.128.12,ES,6,21,aabe600ebb72778e27c10db9eb38182af0c783eca2ab180cc1aab0293ba44e01,legacy_client='IMAP4' app='Graph Explorer' success=False error_code=50058 reason=Token issuer anomaly detected.,"{""app"": ""Graph Explorer"", ""client_app"": ""IMAP4"", ""status"": ""50058"", ""result_type"": ""50058""}"
LEGACY-AUTH-7-9,medium,legacy_auth,Legacy authentication / risky client protocol,2025-12-19T08:19:00+00:00,alice@evilcorp.com,83.45.12.33,ES,7,9,5f284d6c8635995fb03552b8ff2ac01fcbf2df07230cb162684e82357a3ea6d3,legacy_client='IMAP4' app='Microsoft Teams' success=False error_code=50053 reason=Token issuer anomaly detected.,"{""app"": ""Microsoft Teams"", ""client_app"": ""IMAP4"", ""status"": ""50053"", ""result_type"": ""50053""}"
LEGACY-AUTH-4-4,medium,legacy_auth,Legacy authentication / risky client protocol,2025-12-19T19:10:00+00:00,bob@evilcorp.com,20.190.128.12,US,4,4,c5e254528c4b7628dc7983c6cf2e343b1714d323035fc507bbdbf655ed8bbc37,legacy_client='IMAP4' app='Azure Portal' success=False error_code=50058 reason=Invalid username or password.,"{""app"": ""Azure Portal"", ""client_app"": ""IMAP4"", ""status"": ""50058"", ""result_type"": ""50058""}"
UAL-1-39,medium,ual_suspicious_operation,Suspicious Unified Audit Log operation,2025-12-20T10:29:00+00:00,svc.backup@evilcorp.com,2.139.88.10,,1,39,90f7140738706c1789cda1838aa74f1beb38846dff62c0927d70685656a39f5b,operation=Add member to role workload=AzureActiveDirectory record_type=8,"{""operation"": ""Add member to role"", ""workload"": ""AzureActiveDirectory"", ""record_type"": ""8"", ""object_id"": """", ""forwarding"": false, ""inboxrule"": false, ""scopes"": []}"
RISKY-SIGNIN-4-29,medium,risky_signin,Risky sign-in flagged by Entra risk fields,2025-12-20T15:55:00+00:00,cfo@evilcorp.com,83.45.12.33,ES,4,29,c5e254528c4b7628dc7983c6cf2e343b1714d323035fc507bbdbf655ed8bbc37,risk_level=low risk_state=atRisk risk_detail=unfamiliarFeatures app=Azure Portal client=Other clients,"{""risk_level"": ""low"", ""risk_state"": ""atRisk"", ""risk_detail"": ""unfamiliarFeatures"", ""app"": ""Azure Portal"", ""client_app"": ""Other clients""}"
RISKY-SIGNIN-4-8,medium,risky_signin,Risky sign-in flagged by Entra risk fields,2025-12-20T17:48:00+00:00,svc.backup@evilcorp.com,5.62.41.22,ES,4,8,c5e254528c4b7628dc7983c6cf2e343b1714d323035fc507bbdbf655ed8bbc37,risk_level=low risk_state=atRisk risk_detail=tokenIssuerAnomaly app=Microsoft 365 Admin Center client=POP3,"{""risk_level"": ""low"", ""risk_state"": ""atRisk"", ""risk_detail"": ""tokenIssuerAnomaly"", ""app"": ""Microsoft 365 Admin Center"", ""client_app"": ""POP3""}"
LEGACY-AUTH-4-8,medium,legacy_auth,Legacy authentication / risky client protocol,2025-12-20T17:48:00+00:00,svc.backup@evilcorp.com,5.62.41.22,ES,4,8,c5e254528c4b7628dc7983c6cf2e343b1714d323035fc507bbdbf655ed8bbc37,legacy_client='POP3' app='Microsoft 365 Admin Center' success=False error_code=50053 reason=User did not complete MFA.,"{""app"": ""Microsoft 365 Admin Center"", ""client_app"": ""POP3"", ""status"": ""50053"", ""result_type"": ""50053""}"
LEGACY-AUTH-7-14,medium,legacy_auth,Legacy authentication / risky client protocol,2025-12-21T08:42:00+00:00,it.admin@evilcorp.com,2.139.88.10,US,7,14,5f284d6c8635995fb03552b8ff2ac01fcbf2df07230cb162684e82357a3ea6d3,legacy_client='Exchange ActiveSync' app='Azure Portal' success=False error_code=50058 reason=User did not complete MFA.,"{""app"": ""Azure Portal"", ""client_app"": ""Exchange ActiveSync"", ""status"": ""50058"", ""result_type"": ""50058""}"
LEGACY-AUTH-3-13,medium,legacy_auth,Legacy authentication / risky client protocol,2025-12-21T11:21:00+00:00,bob@evilcorp.com,83.45.12.34,FR,3,13,b14e1791067bdf3689ae03736ce24a470dc38296355982f599d6e425161b8fe2,legacy_client='Other clients' app='Exchange Online' success=False error_code=50074 reason=MFA required.,"{""app"": ""Exchange Online"", ""client_app"": ""Other clients"", ""status"": ""50074"", ""result_type"": ""50074""}"
RISKY-SIGNIN-4-5,medium,risky_signin,Risky sign-in flagged by Entra risk fields,2025-12-21T16:01:00+00:00,cfo@evilcorp.com,20.190.128.12,NL,4,5,c5e254528c4b7628dc7983c6cf2e343b1714d323035fc507bbdbf655ed8bbc37,risk_level=low risk_state=confirmedSafe risk_detail=unfamiliarFeatures app=SharePoint Online client=POP3,"{""risk_level"": ""low"", ""risk_state"": ""confirmedSafe"", ""risk_detail"": ""unfamiliarFeatures"", ""app"": ""SharePoint Online"", ""client_app"": ""POP3""}"
LEGACY-AUTH-4-5,medium,legacy_auth,Legacy authentication / risky client protocol,2025-12-21T16:01:00+00:00,cfo@evilcorp.com,20.190.128.12,NL,4,5,c5e254528c4b7628dc7983c6cf2e343b1714d323035fc507bbdbf655ed8bbc37,legacy_client='POP3' app='SharePoint Online' success=False error_code=50076 reason=MFA required.,"{""app"": ""SharePoint Online"", ""client_app"": ""POP3"", ""status"": ""50076"", ""result_type"": ""50076""}"
LEGACY-AUTH-6-13,medium,legacy_auth,Legacy authentication / risky client protocol,2025-12-21T18:14:00+00:00,it.admin@evilcorp.com,104.26.12.88,US,6,13,aabe600ebb72778e27c10db9eb38182af0c783eca2ab180cc1aab0293ba44e01,legacy_client='Exchange ActiveSync' app='Graph Explorer' success=False error_code=50053 reason=User did not complete MFA.,"{""app"": ""Graph Explorer"", ""client_app"": ""Exchange ActiveSync"", ""status"": ""50053"", ""result_type"": ""50053""}"
LEGACY-AUTH-4-11,medium,legacy_auth,Legacy authentication / risky client protocol,2025-12-22T03:00:00+00:00,alice@evilcorp.com,83.45.12.33,ES,4,11,c5e254528c4b7628dc7983c6cf2e343b1714d323035fc507bbdbf655ed8bbc37,legacy_client='POP3' app='Graph Explorer' success=False error_code=50074 reason=Account is locked.,"{""app"": ""Graph Explorer"", ""client_app"": ""POP3"", ""status"": ""50074"", ""result_type"": ""50074""}"
RISKY-SIGNIN-4-17,medium,risky_signin,Risky sign-in flagged by Entra risk fields,2025-12-23T01:41:00+00:00,it.admin@evilcorp.com,2.139.88.10,DE,4,17,c5e254528c4b7628dc7983c6cf2e343b1714d323035fc507bbdbf655ed8bbc37,risk_level=low risk_state=confirmedSafe risk_detail=impossibleTravel app=Graph Explorer client=IMAP4,"{""risk_level"": ""low"", ""risk_state"": ""confirmedSafe"", ""risk_detail"": ""impossibleTravel"", ""app"": ""Graph Explorer"", ""client_app"": ""IMAP4""}"
LEGACY-AUTH-4-17,medium,legacy_auth,Legacy authentication / risky client protocol,2025-12-23T01:41:00+00:00,it.admin@evilcorp.com,2.139.88.10,DE,4,17,c5e254528c4b7628dc7983c6cf2e343b1714d323035fc507bbdbf655ed8bbc37,legacy_client='IMAP4' app='Graph Explorer' success=False error_code=50076 reason=Invalid username or password.,"{""app"": ""Graph Explorer"", ""client_app"": ""IMAP4"", ""status"": ""50076"", ""result_type"": ""50076""}"
LEGACY-AUTH-7-10,medium,legacy_auth,Legacy authentication / risky client protocol,2025-12-23T03:59:00+00:00,alice@evilcorp.com,5.62.41.22,NL,7,10,5f284d6c8635995fb03552b8ff2ac01fcbf2df07230cb162684e82357a3ea6d3,legacy_client='Exchange ActiveSync' app='SharePoint Online' success=False error_code=50058 reason=Token issuer anomaly detected.,"{""app"": ""SharePoint Online"", ""client_app"": ""Exchange ActiveSync"", ""status"": ""50058"", ""result_type"": ""50058""}"
RISKY-SIGNIN-3-21,medium,risky_signin,Risky sign-in flagged by Entra risk fields,2025-12-23T13:18:00+00:00,it.admin@evilcorp.com,83.45.12.33,FR,3,21,b14e1791067bdf3689ae03736ce24a470dc38296355982f599d6e425161b8fe2,risk_level=low risk_state=atRisk risk_detail=anonymousIPAddress app=Graph Explorer client=Mobile Apps and Desktop clients,"{""risk_level"": ""low"", ""risk_state"": ""atRisk"", ""risk_detail"": ""anonymousIPAddress"", ""app"": ""Graph Explorer"", ""client_app"": ""Mobile Apps and Desktop clients""}"
RISKY-SIGNIN-3-9,medium,risky_signin,Risky sign-in flagged by Entra risk fields,2025-12-23T15:16:00+00:00,svc.backup@evilcorp.com,185.199.110.42,FR,3,9,b14e1791067bdf3689ae03736ce24a470dc38296355982f599d6e425161b8fe2,risk_level=low risk_state=confirmedSafe risk_detail=tokenIssuerAnomaly app=Azure Portal client=Exchange ActiveSync,"{""risk_level"": ""low"", ""risk_state"": ""confirmedSafe"", ""risk_detail"": ""tokenIssuerAnomaly"", ""app"": ""Azure Portal"", ""client_app"": ""Exchange ActiveSync""}"
LEGACY-AUTH-4-19,medium,legacy_auth,Legacy authentication / risky client protocol,2025-12-23T19:03:00+00:00,alice@evilcorp.com,83.45.12.34,US,4,19,c5e254528c4b7628dc7983c6cf2e343b1714d323035fc507bbdbf655ed8bbc37,legacy_client='Other clients' app='SharePoint Online' success=False error_code=50074 reason=User did not complete MFA.,"{""app"": ""SharePoint Online"", ""client_app"": ""Other clients"", ""status"": ""50074"", ""result_type"": ""50074""}"
RISKY-SIGNIN-4-28,medium,risky_signin,Risky sign-in flagged by Entra risk fields,2025-12-24T01:17:00+00:00,cfo@evilcorp.com,5.62.41.22,ES,4,28,c5e254528c4b7628dc7983c6cf2e343b1714d323035fc507bbdbf655ed8bbc37,risk_level=low risk_state=atRisk risk_detail=impossibleTravel app=Microsoft 365 Admin Center client=Mobile Apps and Desktop clients,"{""risk_level"": ""low"", ""risk_state"": ""atRisk"", ""risk_detail"": ""impossibleTravel"", ""app"": ""Microsoft 365 Admin Center"", ""client_app"": ""Mobile Apps and Desktop clients""}"
LEGACY-AUTH-6-3,medium,legacy_auth,Legacy authentication / risky client protocol,2025-12-24T18:26:00+00:00,cfo@evilcorp.com,2.139.88.10,ES,6,3,aabe600ebb72778e27c10db9eb38182af0c783eca2ab180cc1aab0293ba44e01,legacy_client='POP3' app='Azure Portal' success=False error_code=50074 reason=MFA required.,"{""app"": ""Azure Portal"", ""client_app"": ""POP3"", ""status"": ""50074"", ""result_type"": ""50074""}"
LEGACY-AUTH-6-17,medium,legacy_auth,Legacy authentication / risky client protocol,2025-12-24T21:00:00+00:00,bob@evilcorp.com,2.139.88.10,FR,6,17,aabe600ebb72778e27c10db9eb38182af0c783eca2ab180cc1aab0293ba44e01,legacy_client='Other clients' app='Exchange Online' success=False error_code=50076 reason=Token issuer anomaly detected.,"{""app"": ""Exchange Online"", ""client_app"": ""Other clients"", ""status"": ""50076"", ""result_type"": ""50076""}"
LEGACY-AUTH-4-24,medium,legacy_auth,Legacy authentication / risky client protocol,2025-12-25T00:18:00+00:00,it.admin@evilcorp.com,20.190.128.12,US,4,24,c5e254528c4b7628dc7983c6cf2e343b1714d323035fc507bbdbf655ed8bbc37,legacy_client='IMAP4' app='SharePoint Online' success=False error_code=50076 reason=Invalid username or password.,"{""app"": ""SharePoint Online"", ""client_app"": ""IMAP4"", ""status"": ""50076"", ""result_type"": ""50076""}"
RISKY-SIGNIN-6-7,medium,risky_signin,Risky sign-in flagged by Entra risk fields,2025-12-25T04:08:00+00:00,bob@evilcorp.com,83.45.12.34,US,6,7,aabe600ebb72778e27c10db9eb38182af0c783eca2ab180cc1aab0293ba44e01,risk_level=low risk_state=confirmedSafe risk_detail=anonymousIPAddress app=Microsoft Teams client=Browser,"{""risk_level"": ""low"", ""risk_state"": ""confirmedSafe"", ""risk_detail"": ""anonymousIPAddress"", ""app"": ""Microsoft Teams"", ""client_app"": ""Browser""}"
LEGACY-AUTH-7-12,medium,legacy_auth,Legacy authentication / risky client protocol,2025-12-25T07:13:00+00:00,bob@evilcorp.com,2.139.88.10,NL,7,12,5f284d6c8635995fb03552b8ff2ac01fcbf2df07230cb162684e82357a3ea6d3,legacy_client='Exchange ActiveSync' app='SharePoint Online' success=False error_code=50074 reason=MFA required.,"{""app"": ""SharePoint Online"", ""client_app"": ""Exchange ActiveSync"", ""status"": ""50074"", ""result_type"": ""50074""}"
RISKY-SIGNIN-3-26,medium,risky_signin,Risky sign-in flagged by Entra risk fields,2025-12-25T10:17:00+00:00,cfo@evilcorp.com,20.190.128.12,ES,3,26,b14e1791067bdf3689ae03736ce24a470dc38296355982f599d6e425161b8fe2,risk_level=low risk_state=confirmedSafe risk_detail=anonymousIPAddress app=Graph Explorer client=POP3,"{""risk_level"": ""low"", ""risk_state"": ""confirmedSafe"", ""risk_detail"": ""anonymousIPAddress"", ""app"": ""Graph Explorer"", ""client_app"": ""POP3""}"
LEGACY-AUTH-3-26,medium,legacy_auth,Legacy authentication / risky client protocol,2025-12-25T10:17:00+00:00,cfo@evilcorp.com,20.190.128.12,ES,3,26,b14e1791067bdf3689ae03736ce24a470dc38296355982f599d6e425161b8fe2,legacy_client='POP3' app='Graph Explorer' success=False error_code=50053 reason=User did not complete MFA.,"{""app"": ""Graph Explorer"", ""client_app"": ""POP3"", ""status"": ""50053"", ""result_type"": ""50053""}"
LEGACY-AUTH-3-10,medium,legacy_auth,Legacy authentication / risky client protocol,2025-12-25T20:48:00+00:00,svc.backup@evilcorp.com,20.190.128.12,NL,3,10,b14e1791067bdf3689ae03736ce24a470dc38296355982f599d6e425161b8fe2,legacy_client='Other clients' app='Graph Explorer' success=False error_code=50058 reason=MFA required.,"{""app"": ""Graph Explorer"", ""client_app"": ""Other clients"", ""status"": ""50058"", ""result_type"": ""50058""}"
RISKY-SIGNIN-6-30,medium,risky_signin,Risky sign-in flagged by Entra risk fields,2025-12-26T07:33:00+00:00,it.admin@evilcorp.com,2.139.88.10,DE,6,30,aabe600ebb72778e27c10db9eb38182af0c783eca2ab180cc1aab0293ba44e01,risk_level=low risk_state=remediated risk_detail=impossibleTravel app=Azure Portal client=Exchange ActiveSync,"{""risk_level"": ""low"", ""risk_state"": ""remediated"", ""risk_detail"": ""impossibleTravel"", ""app"": ""Azure Portal"", ""client_app"": ""Exchange ActiveSync""}"
LEGACY-AUTH-6-30,medium,legacy_auth,Legacy authentication / risky client protocol,2025-12-26T07:33:00+00:00,it.admin@evilcorp.com,2.139.88.10,DE,6,30,aabe600ebb72778e27c10db9eb38182af0c783eca2ab180cc1aab0293ba44e01,legacy_client='Exchange ActiveSync' app='Azure Portal' success=False error_code=50058 reason=Account is locked.,"{""app"": ""Azure Portal"", ""client_app"": ""Exchange ActiveSync"", ""status"": ""50058"", ""result_type"": ""50058""}"
LEGACY-AUTH-6-18,medium,legacy_auth,Legacy authentication / risky client protocol,2025-12-28T05:02:00+00:00,alice@evilcorp.com,185.199.110.42,ES,6,18,aabe600ebb72778e27c10db9eb38182af0c783eca2ab180cc1aab0293ba44e01,legacy_client='Exchange ActiveSync' app='Azure Portal' success=False error_code=50076 reason=Token issuer anomaly detected.,"{""app"": ""Azure Portal"", ""client_app"": ""Exchange ActiveSync"", ""status"": ""50076"", ""result_type"": ""50076""}"
LEGACY-AUTH-3-23,medium,legacy_auth,Legacy authentication / risky client protocol,2025-12-29T02:40:00+00:00,cfo@evilcorp.com,20.190.128.12,FR,3,23,b14e1791067bdf3689ae03736ce24a470dc38296355982f599d6e425161b8fe2,legacy_client='Exchange ActiveSync' app='Exchange Online' success=False error_code=50076 reason=Token issuer anomaly detected.,"{""app"": ""Exchange Online"", ""client_app"": ""Exchange ActiveSync"", ""status"": ""50076"", ""result_type"": ""50076""}"
LEGACY-AUTH-7-8,medium,legacy_auth,Legacy authentication / risky client protocol,2025-12-29T11:05:00+00:00,it.admin@evilcorp.com,83.45.12.33,ES,7,8,5f284d6c8635995fb03552b8ff2ac01fcbf2df07230cb162684e82357a3ea6d3,legacy_client='Exchange ActiveSync' app='Microsoft Teams' success=False error_code=50074 reason=Token issuer anomaly detected.,"{""app"": ""Microsoft Teams"", ""client_app"": ""Exchange ActiveSync"", ""status"": ""50074"", ""result_type"": ""50074""}"
LEGACY-AUTH-4-26,medium,legacy_auth,Legacy authentication / risky client protocol,2025-12-29T19:26:00+00:00,it.admin@evilcorp.com,83.45.12.33,ES,4,26,c5e254528c4b7628dc7983c6cf2e343b1714d323035fc507bbdbf655ed8bbc37,legacy_client='Other clients' app='Azure Portal' success=False error_code=50058 reason=Token issuer anomaly detected.,"{""app"": ""Azure Portal"", ""client_app"": ""Other clients"", ""status"": ""50058"", ""result_type"": ""50058""}"
RISKY-SIGNIN-3-1,medium,risky_signin,Risky sign-in flagged by Entra risk fields,2025-12-30T14:53:00+00:00,svc.backup@evilcorp.com,185.199.110.42,DE,3,1,b14e1791067bdf3689ae03736ce24a470dc38296355982f599d6e425161b8fe2,risk_level=low risk_state=confirmedSafe risk_detail=impossibleTravel app=Graph Explorer client=Browser,"{""risk_level"": ""low"", ""risk_state"": ""confirmedSafe"", ""risk_detail"": ""impossibleTravel"", ""app"": ""Graph Explorer"", ""client_app"": ""Browser""}"
LEGACY-AUTH-7-25,medium,legacy_auth,Legacy authentication / risky client protocol,2025-12-31T23:38:00+00:00,cfo@evilcorp.com,83.45.12.33,ES,7,25,5f284d6c8635995fb03552b8ff2ac01fcbf2df07230cb162684e82357a3ea6d3,legacy_client='Exchange ActiveSync' app='Microsoft 365 Admin Center' success=False error_code=50053 reason=MFA required.,"{""app"": ""Microsoft 365 Admin Center"", ""client_app"": ""Exchange ActiveSync"", ""status"": ""50053"", ""result_type"": ""50053""}"
LEGACY-AUTH-7-5,medium,legacy_auth,Legacy authentication / risky client protocol,2026-01-01T05:56:00+00:00,it.admin@evilcorp.com,104.26.12.88,ES,7,5,5f284d6c8635995fb03552b8ff2ac01fcbf2df07230cb162684e82357a3ea6d3,legacy_client='Other clients' app='Exchange Online' success=False error_code=50074 reason=Token issuer anomaly detected.,"{""app"": ""Exchange Online"", ""client_app"": ""Other clients"", ""status"": ""50074"", ""result_type"": ""50074""}"
RISKY-SIGNIN-7-30,medium,risky_signin,Risky sign-in flagged by Entra risk fields,2026-01-02T18:28:00+00:00,cfo@evilcorp.com,104.26.12.88,FR,7,30,5f284d6c8635995fb03552b8ff2ac01fcbf2df07230cb162684e82357a3ea6d3,risk_level=low risk_state=confirmedSafe risk_detail=anonymousIPAddress app=SharePoint Online client=Other clients,"{""risk_level"": ""low"", ""risk_state"": ""confirmedSafe"", ""risk_detail"": ""anonymousIPAddress"", ""app"": ""SharePoint Online"", ""client_app"": ""Other clients""}"
LEGACY-AUTH-7-30,medium,legacy_auth,Legacy authentication / risky client protocol,2026-01-02T18:28:00+00:00,cfo@evilcorp.com,104.26.12.88,FR,7,30,5f284d6c8635995fb03552b8ff2ac01fcbf2df07230cb162684e82357a3ea6d3,legacy_client='Other clients' app='SharePoint Online' success=False error_code=50074 reason=User did not complete MFA.,"{""app"": ""SharePoint Online"", ""client_app"": ""Other clients"", ""status"": ""50074"", ""result_type"": ""50074""}"
LEGACY-AUTH-3-16,medium,legacy_auth,Legacy authentication / risky client protocol,2026-01-03T15:01:00+00:00,bob@evilcorp.com,83.45.12.33,ES,3,16,b14e1791067bdf3689ae03736ce24a470dc38296355982f599d6e425161b8fe2,legacy_client='IMAP4' app='SharePoint Online' success=False error_code=50053 reason=Account is locked.,"{""app"": ""SharePoint Online"", ""client_app"": ""IMAP4"", ""status"": ""50053"", ""result_type"": ""50053""}"
LEGACY-AUTH-7-19,medium,legacy_auth,Legacy authentication / risky client protocol,2026-01-03T18:40:00+00:00,alice@evilcorp.com,83.45.12.34,ES,7,19,5f284d6c8635995fb03552b8ff2ac01fcbf2df07230cb162684e82357a3ea6d3,legacy_client='POP3' app='Microsoft 365 Admin Center' success=False error_code=50074 reason=Invalid username or password.,"{""app"": ""Microsoft 365 Admin Center"", ""client_app"": ""POP3"", ""status"": ""50074"", ""result_type"": ""50074""}"
LEGACY-AUTH-7-3,medium,legacy_auth,Legacy authentication / risky client protocol,2026-01-04T01:18:00+00:00,it.admin@evilcorp.com,104.26.12.88,DE,7,3,5f284d6c8635995fb03552b8ff2ac01fcbf2df07230cb162684e82357a3ea6d3,legacy_client='Other clients' app='SharePoint Online' success=False error_code=50058 reason=MFA required.,"{""app"": ""SharePoint Online"", ""client_app"": ""Other clients"", ""status"": ""50058"", ""result_type"": ""50058""}"
RISKY-SIGNIN-3-18,medium,risky_signin,Risky sign-in flagged by Entra risk fields,2026-01-04T03:10:00+00:00,alice@evilcorp.com,185.199.110.42,ES,3,18,b14e1791067bdf3689ae03736ce24a470dc38296355982f599d6e425161b8fe2,risk_level=low risk_state=atRisk risk_detail=impossibleTravel app=Exchange Online client=POP3,"{""risk_level"": ""low"", ""risk_state"": ""atRisk"", ""risk_detail"": ""impossibleTravel"", ""app"": ""Exchange Online"", ""client_app"": ""POP3""}"
LEGACY-AUTH-4-6,medium,legacy_auth,Legacy authentication / risky client protocol,2026-01-04T18:26:00+00:00,svc.backup@evilcorp.com,2.139.88.10,US,4,6,c5e254528c4b7628dc7983c6cf2e343b1714d323035fc507bbdbf655ed8bbc37,legacy_client='Exchange ActiveSync' app='SharePoint Online' success=False error_code=50074 reason=Invalid username or password.,"{""app"": ""SharePoint Online"", ""client_app"": ""Exchange ActiveSync"", ""status"": ""50074"", ""result_type"": ""50074""}"
LEGACY-AUTH-7-17,medium,legacy_auth,Legacy authentication / risky client protocol,2026-01-04T20:57:00+00:00,alice@evilcorp.com,83.45.12.34,DE,7,17,5f284d6c8635995fb03552b8ff2ac01fcbf2df07230cb162684e82357a3ea6d3,legacy_client='POP3' app='Microsoft 365 Admin Center' success=False error_code=50074 reason=Account is locked.,"{""app"": ""Microsoft 365 Admin Center"", ""client_app"": ""POP3"", ""status"": ""50074"", ""result_type"": ""50074""}"
UAL-1-36,medium,ual_suspicious_operation,Suspicious Unified Audit Log operation,2026-01-04T22:21:00+00:00,bob@evilcorp.com,104.26.12.88,,1,36,90f7140738706c1789cda1838aa74f1beb38846dff62c0927d70685656a39f5b,operation=Add member to role workload=AzureActiveDirectory record_type=8,"{""operation"": ""Add member to role"", ""workload"": ""AzureActiveDirectory"", ""record_type"": ""8"", ""object_id"": """", ""forwarding"": false, ""inboxrule"": false, ""scopes"": []}"
LEGACY-AUTH-6-29,medium,legacy_auth,Legacy authentication / risky client protocol,2026-01-05T02:19:00+00:00,it.admin@evilcorp.com,104.26.12.88,US,6,29,aabe600ebb72778e27c10db9eb38182af0c783eca2ab180cc1aab0293ba44e01,legacy_client='IMAP4' app='Microsoft 365 Admin Center' success=False error_code=50053 reason=Account is locked.,"{""app"": ""Microsoft 365 Admin Center"", ""client_app"": ""IMAP4"", ""status"": ""50053"", ""result_type"": ""50053""}"
